{
  "timestamp": "20251006_100036",
  "model_name": "device_failure_model",
  "best_model": "XGBoost",
  "performance_summary": {
    "auc": 0.7659669044658245,
    "ap": 0.12259488833206283,
    "precision": 0.3157894736842105,
    "recall": 0.05714285714285714,
    "f1": 0.0967741935483871,
    "cost": 116.0,
    "threshold": 0.3,
    "metrics_source": "holdout",
    "total_features": 80,
    "suspicious_features": 1
  },
  "final_test_results": {
    "model_name": "XGBoost",
    "threshold": 0.3,
    "business_metrics": {
      "model": "XGBoost",
      "auc_pr": 0.12259488833206283,
      "recall_h": 0.15151515151515152,
      "alert_rate": 0.001610305958132045,
      "cost": "116",
      "economy": "16",
      "tps_avoided": "5",
      "fps_generated": "4",
      "fns_remaining": "28",
      "confusion_matrix": [
        [
          "5552",
          "4"
        ],
        [
          "28",
          "5"
        ]
      ]
    },
    "business_metrics_event": {
      "tp_events": 1,
      "fn_events": 2,
      "fp_alerts": 4,
      "roi_abs": 0,
      "roi_pct": 0.0,
      "precision_event": 0.2,
      "recall_event": 0.3333333333333333
    },
    "test_data_info": {
      "total_samples": 5589,
      "positive_samples": 33,
      "negative_samples": 5556,
      "positive_rate": 0.005904455179817499
    }
  },
  "cv_results": {
    "fold": {
      "0": 1,
      "1": 2,
      "2": 3
    },
    "cost": {
      "0": 392,
      "1": 538,
      "2": 970
    },
    "ap": {
      "0": 0.004330888578925194,
      "1": 0.07769224611302405,
      "2": 0.21217312512011027
    },
    "recall": {
      "0": 0.09090909090909091,
      "1": 0.574468085106383,
      "2": 0.45930232558139533
    }
  },
  "cv_summary": {
    "mean_cost": 633.3333333333334,
    "mean_ap": 0.09806541993735318,
    "mean_recall": 0.37489316719895643,
    "std_cost": 300.5616963841756,
    "std_ap": 0.10540824674268959,
    "std_recall": 0.2525886076833196,
    "best_fold": "1",
    "best_cost": "392"
  },
  "selected_features": [
    "attribute1",
    "attribute2",
    "attribute4",
    "attribute5",
    "attribute6",
    "attribute7",
    "attribute9",
    "dayofweek",
    "month_sin",
    "day_sin",
    "day_cos",
    "doy_sin",
    "doy_cos",
    "week_sin",
    "attribute1_lag_1",
    "attribute1_lag_2",
    "attribute1_lag_3",
    "attribute1_lag_7",
    "attribute1_ma_3",
    "attribute1_ma_7",
    "attribute1_ma_14",
    "attribute1_std_7",
    "attribute1_std_14",
    "attribute1_diff",
    "attribute1_pct_diff",
    "attribute2_lag_2",
    "attribute2_lag_3",
    "attribute2_std_7",
    "attribute2_std_14",
    "attribute4_ma_14",
    "attribute4_std_14",
    "attribute4_diff",
    "attribute5_lag_1",
    "attribute5_lag_2",
    "attribute5_lag_3",
    "attribute5_lag_7",
    "attribute5_ma_7",
    "attribute5_ma_14",
    "attribute5_std_7",
    "attribute5_std_14",
    "attribute6_lag_1",
    "attribute6_lag_2",
    "attribute6_lag_3",
    "attribute6_lag_7",
    "attribute6_ma_3",
    "attribute6_ma_7",
    "attribute6_ma_14",
    "attribute6_std_7",
    "attribute6_std_14",
    "attribute6_diff",
    "attribute6_pct_diff",
    "attribute7_ma_3",
    "attribute7_std_14",
    "attribute9_lag_7",
    "attribute9_ma_14",
    "device_obs_so_far",
    "attribute1_std_expanding",
    "attribute2_std_expanding",
    "attribute3_std_expanding",
    "attribute4_std_expanding",
    "attribute1_attribute2_ratio",
    "attribute1_attribute3_ratio",
    "attribute1_attribute4_ratio",
    "attribute2_attribute3_sum",
    "attribute2_attribute4_sum",
    "attribute2_attribute4_diff",
    "attribute2_attribute4_ratio",
    "attribute3_attribute4_sum",
    "attribute1_slope_7",
    "attribute1_slope_14",
    "attribute2_slope_7",
    "attribute2_slope_14",
    "attribute4_slope_7",
    "attribute4_slope_14",
    "attribute1_normalized",
    "attribute2_normalized",
    "attribute4_normalized",
    "attribute5_normalized",
    "attribute6_normalized",
    "attribute9_normalized"
  ]
}